{"_wandb": {"runtime": 0}, "Train Metrics Dict/pred_score": 4.249999999999999, "Train Metrics Dict/average_over_videos/pred_score": 4.249999999999999, "Train Metrics Dict/average_over_scenes/pred_score": 4.25, "Train Metrics Dict/histogram/pred_score": {"_type": "histogram", "values": [1, 0, 0, 0, 0, 0, 0, 0, 0, 0, 0, 0, 0, 0, 1, 0, 0, 0, 0, 0, 0, 0, 0, 0, 0, 0, 0, 0, 0, 0, 0, 0, 0, 0, 0, 0, 0, 0, 0, 0, 0, 0, 0, 0, 0, 0, 0, 0, 0, 1, 0, 0, 0, 0, 0, 0, 0, 0, 0, 0, 0, 0, 0, 1], "bins": [3.6, 3.6203125000000003, 3.640625, 3.6609375, 3.68125, 3.7015625, 3.721875, 3.7421875, 3.7625, 3.7828125, 3.803125, 3.8234375, 3.84375, 3.8640625, 3.884375, 3.9046875, 3.925, 3.9453125, 3.9656249999999997, 3.9859375, 4.00625, 4.0265625, 4.046875, 4.0671875, 4.0874999999999995, 4.1078125, 4.128125, 4.1484375, 4.16875, 4.1890624999999995, 4.209375, 4.2296875, 4.25, 4.270312499999999, 4.2906249999999995, 4.3109375, 4.33125, 4.3515625, 4.371874999999999, 4.3921874999999995, 4.4125, 4.4328125, 4.453125, 4.473437499999999, 4.4937499999999995, 4.5140625, 4.534375, 4.5546875, 4.574999999999999, 4.5953124999999995, 4.615625, 4.6359375, 4.65625, 4.676562499999999, 4.6968749999999995, 4.7171875, 4.7375, 4.7578125, 4.778124999999999, 4.7984374999999995, 4.81875, 4.8390625, 4.859375, 4.879687499999999, 4.8999999999999995]}, "Train Metrics Dict/histogram_over_videos/pred_score": {"_type": "histogram", "values": [1, 0, 0, 0, 0, 0, 0, 0, 0, 0, 0, 0, 0, 0, 1, 0, 0, 0, 0, 0, 0, 0, 0, 0, 0, 0, 0, 0, 0, 0, 0, 0, 0, 0, 0, 0, 0, 0, 0, 0, 0, 0, 0, 0, 0, 0, 0, 0, 0, 1, 0, 0, 0, 0, 0, 0, 0, 0, 0, 0, 0, 0, 0, 1], "bins": [3.6, 3.6203125000000003, 3.640625, 3.6609375, 3.68125, 3.7015625, 3.721875, 3.7421875, 3.7625, 3.7828125, 3.803125, 3.8234375, 3.84375, 3.8640625, 3.884375, 3.9046875, 3.925, 3.9453125, 3.9656249999999997, 3.9859375, 4.00625, 4.0265625, 4.046875, 4.0671875, 4.0874999999999995, 4.1078125, 4.128125, 4.1484375, 4.16875, 4.1890624999999995, 4.209375, 4.2296875, 4.25, 4.270312499999999, 4.2906249999999995, 4.3109375, 4.33125, 4.3515625, 4.371874999999999, 4.3921874999999995, 4.4125, 4.4328125, 4.453125, 4.473437499999999, 4.4937499999999995, 4.5140625, 4.534375, 4.5546875, 4.574999999999999, 4.5953124999999995, 4.615625, 4.6359375, 4.65625, 4.676562499999999, 4.6968749999999995, 4.7171875, 4.7375, 4.7578125, 4.778124999999999, 4.7984374999999995, 4.81875, 4.8390625, 4.859375, 4.879687499999999, 4.8999999999999995]}, "Train Metrics Dict/histogram_over_scenes/pred_score": {"_type": "histogram", "values": [1, 0, 0, 0, 0, 0, 0, 0, 0, 0, 0, 0, 0, 0, 0, 0, 0, 0, 0, 0, 0, 0, 0, 0, 0, 0, 0, 0, 0, 0, 0, 0, 0, 0, 0, 0, 0, 0, 0, 0, 0, 0, 0, 0, 0, 0, 0, 0, 0, 0, 0, 0, 0, 0, 0, 0, 0, 0, 0, 0, 0, 0, 0, 1], "bins": [4.1, 4.1046875, 4.109375, 4.114062499999999, 4.1187499999999995, 4.1234375, 4.128125, 4.1328125, 4.137499999999999, 4.1421874999999995, 4.146875, 4.1515625, 4.15625, 4.160937499999999, 4.1656249999999995, 4.1703125, 4.175, 4.1796875, 4.184374999999999, 4.1890624999999995, 4.19375, 4.1984375, 4.203125, 4.207812499999999, 4.2124999999999995, 4.2171875, 4.221875, 4.2265625, 4.231249999999999, 4.2359374999999995, 4.240625, 4.2453125, 4.25, 4.254687499999999, 4.2593749999999995, 4.2640625, 4.26875, 4.2734375, 4.278124999999999, 4.2828124999999995, 4.2875, 4.2921875, 4.296874999999999, 4.301562499999999, 4.3062499999999995, 4.3109375, 4.315625, 4.320312499999999, 4.324999999999999, 4.3296874999999995, 4.334375, 4.3390625, 4.343749999999999, 4.348437499999999, 4.3531249999999995, 4.3578125, 4.3625, 4.367187499999999, 4.371874999999999, 4.3765624999999995, 4.38125, 4.3859375, 4.390624999999999, 4.395312499999999, 4.3999999999999995]}, "Train Metrics Dict/scene/101/pred_score": 4.1, "Train Metrics Dict/scene/102/pred_score": 4.3999999999999995, "Train Metrics Dict/video/1/pred_score": 4.6, "Train Metrics Dict/video/2/pred_score": 3.6, "Train Metrics Dict/video/3/pred_score": 4.8999999999999995, "Train Metrics Dict/video/4/pred_score": 3.9, "Train Metrics Dict/mse": 1.6500000000000001, "Train Metrics Dict/average_over_videos/mse": 1.6500000000000001, "Train Metrics Dict/average_over_scenes/mse": 1.6500000000000001, "Train Metrics Dict/histogram/mse": {"_type": "histogram", "values": [2, 1, 0, 0, 0, 0, 0, 0, 0, 0, 0, 0, 0, 0, 0, 0, 0, 0, 0, 0, 0, 0, 0, 0, 0, 0, 0, 0, 0, 0, 0, 0, 0, 0, 0, 0, 0, 0, 0, 0, 0, 0, 0, 0, 0, 0, 0, 0, 0, 0, 0, 0, 0, 0, 0, 0, 0, 0, 0, 0, 0, 0, 0, 1], "bins": [0.86, 0.9076562499999999, 0.9553125, 1.00296875, 1.050625, 1.09828125, 1.1459375, 1.19359375, 1.24125, 1.2889062500000001, 1.3365625, 1.38421875, 1.431875, 1.47953125, 1.5271875000000001, 1.57484375, 1.6225, 1.67015625, 1.7178125, 1.7654687500000001, 1.813125, 1.86078125, 1.9084375000000002, 1.95609375, 2.00375, 2.05140625, 2.0990625, 2.1467187500000002, 2.194375, 2.24203125, 2.2896875000000003, 2.33734375, 2.3850000000000002, 2.43265625, 2.4803125, 2.5279687500000003, 2.575625, 2.6232812500000002, 2.6709375, 2.71859375, 2.7662500000000003, 2.81390625, 2.8615625000000002, 2.90921875, 2.956875, 3.00453125, 3.0521875, 3.0998437500000002, 3.1475, 3.19515625, 3.2428125, 3.29046875, 3.3381250000000002, 3.38578125, 3.4334375, 3.4810937500000003, 3.52875, 3.5764062500000002, 3.6240625, 3.67171875, 3.7193750000000003, 3.76703125, 3.8146875000000002, 3.86234375, 3.91]}, "Train Metrics Dict/histogram_over_videos/mse": {"_type": "histogram", "values": [2, 1, 0, 0, 0, 0, 0, 0, 0, 0, 0, 0, 0, 0, 0, 0, 0, 0, 0, 0, 0, 0, 0, 0, 0, 0, 0, 0, 0, 0, 0, 0, 0, 0, 0, 0, 0, 0, 0, 0, 0, 0, 0, 0, 0, 0, 0, 0, 0, 0, 0, 0, 0, 0, 0, 0, 0, 0, 0, 0, 0, 0, 0, 1], "bins": [0.86, 0.9076562499999999, 0.9553125, 1.00296875, 1.050625, 1.09828125, 1.1459375, 1.19359375, 1.24125, 1.2889062500000001, 1.3365625, 1.38421875, 1.431875, 1.47953125, 1.5271875000000001, 1.57484375, 1.6225, 1.67015625, 1.7178125, 1.7654687500000001, 1.813125, 1.86078125, 1.9084375000000002, 1.95609375, 2.00375, 2.05140625, 2.0990625, 2.1467187500000002, 2.194375, 2.24203125, 2.2896875000000003, 2.33734375, 2.3850000000000002, 2.43265625, 2.4803125, 2.5279687500000003, 2.575625, 2.6232812500000002, 2.6709375, 2.71859375, 2.7662500000000003, 2.81390625, 2.8615625000000002, 2.90921875, 2.956875, 3.00453125, 3.0521875, 3.0998437500000002, 3.1475, 3.19515625, 3.2428125, 3.29046875, 3.3381250000000002, 3.38578125, 3.4334375, 3.4810937500000003, 3.52875, 3.5764062500000002, 3.6240625, 3.67171875, 3.7193750000000003, 3.76703125, 3.8146875000000002, 3.86234375, 3.91]}, "Train Metrics Dict/histogram_over_scenes/mse": {"_type": "histogram", "values": [1, 0, 0, 0, 0, 0, 0, 0, 0, 0, 0, 0, 0, 0, 0, 0, 0, 0, 0, 0, 0, 0, 0, 0, 0, 0, 0, 0, 0, 0, 0, 0, 0, 0, 0, 0, 0, 0, 0, 0, 0, 0, 0, 0, 0, 0, 0, 0, 0, 0, 0, 0, 0, 0, 0, 0, 0, 0, 0, 0, 0, 0, 0, 1], "bins": [0.915, 0.93796875, 0.9609375, 0.98390625, 1.006875, 1.02984375, 1.0528125, 1.0757812500000001, 1.0987500000000001, 1.12171875, 1.1446875, 1.16765625, 1.190625, 1.21359375, 1.2365625, 1.2595312500000002, 1.2825000000000002, 1.3054687500000002, 1.3284375000000002, 1.3514062500000001, 1.3743750000000001, 1.39734375, 1.4203125, 1.44328125, 1.46625, 1.48921875, 1.5121875, 1.53515625, 1.558125, 1.58109375, 1.6040625000000002, 1.6270312500000002, 1.6500000000000001, 1.6729687500000001, 1.6959375, 1.7189062500000003, 1.7418750000000003, 1.7648437500000003, 1.7878125000000002, 1.8107812500000002, 1.8337500000000002, 1.8567187500000002, 1.8796875000000002, 1.9026562500000002, 1.9256250000000001, 1.9485937500000001, 1.9715625, 1.99453125, 2.0175, 2.0404687500000005, 2.0634375, 2.0864062500000005, 2.109375, 2.1323437500000004, 2.1553125, 2.1782812500000004, 2.20125, 2.2242187500000004, 2.2471875, 2.2701562500000003, 2.2931250000000003, 2.3160937500000003, 2.3390625000000003, 2.3620312500000002, 2.3850000000000002]}, "Train Metrics Dict/scene/101/mse": 2.3850000000000002, "Train Metrics Dict/scene/102/mse": 0.915, "Train Metrics Dict/video/1/mse": 3.91, "Train Metrics Dict/video/2/mse": 0.86, "Train Metrics Dict/video/3/mse": 0.94,