{"_wandb": {"runtime": 0}, "Train Metrics Dict/correlations/scene/101/PLCC": -1.0, "Train Metrics Dict/correlations/scene/101/SRCC": -0.9999999999999999, "Train Metrics Dict/correlations/scene/101/KTCC": -1.0, "Train Metrics Dict/correlations/scene/101/RMSE": 2.8119279665185037, "_timestamp": 1708933581.3822746, "Train Metrics Dict/correlations/scene/102/PLCC": 1.0, "Train Metrics Dict/correlations/scene/102/SRCC": 0.9999999999999999, "Train Metrics Dict/correlations/scene/102/KTCC": 1.0, "Train Metrics Dict/correlations/scene/102/RMSE": 0.025927248643505773, "Train Metrics Dict/correlations/PLCC": -0.09840972463689301, "Train Metrics Dict/correlations/SRCC": 0.39999999999999997, "Train Metrics Dict/correlations/KTCC": 0.3333333333333334, "Train Metrics Dict/correlations/RMSE": 1.9884178523528586, "_runtime": 1.5008606910705566, "_step": 1}