{"_wandb": {"runtime": 0}, "Train Metrics Dict/pred_score": 4.249999999999999, "Train Metrics Dict/average_over_videos/pred_score": 4.249999999999999, "Train Metrics Dict/average_over_scenes/pred_score": 4.25, "Train Metrics Dict/scene/101/pred_score": 4.1, "Train Metrics Dict/scene/102/pred_score": 4.3999999999999995, "Train Metrics Dict/video/1/pred_score": 4.6, "Train Metrics Dict/video/2/pred_score": 3.6, "Train Metrics Dict/video/3/pred_score": 4.8999999999999995, "Train Metrics Dict/video/4/pred_score": 3.9, "Train Metrics Dict/mse": 1.6500000000000001, "Train Metrics Dict/average_over_videos/mse": 1.6500000000000001, "Train Metrics Dict/average_over_scenes/mse": 1.6500000000000001, "Train Metrics Dict/scene/101/mse": 2.3850000000000002, "Train Metrics Dict/scene/102/mse": 0.915, "Train Metrics Dict/video/1/mse": 3.91, "Train Metrics Dict/video/2/mse": 0.86, "Train Metrics Dict/video/3/mse": 0.94, "Train Metrics Dict/video/4/mse": 0.89, "Train Metrics Dict/mos": 3.246666666666667, "Train Metrics Dict/average_over_videos/mos": 3.246666666666667, "Train Metrics Dict/average_over_scenes/mos": 3.246666666666667, "Train Metrics Dict/scene/101/mos": 2.111666666666667, "Train Metrics Dict/scene/102/mos": 4.381666666666667, "Train Metrics Dict/video/1/mos": 0.6233333333333334, "Train Metrics Dict/video/2/mos": 3.6, "Train Metrics Dict/video/3/mos": 4.863333333333334, "Train Metrics Dict/video/4/mos": 3.9, "Train Metrics Dict/rmse": 1.2044169818917538, "Train Metrics Dict/average_over_videos/rmse": 1.2044169818917538, "Train Metrics Dict/average_over_scenes/rmse": 1.2044169818917538, "Train Metrics Dict/scene/101/rmse": 1.4523669214390447, "Train Metrics Dict/scene/102/rmse": 0.956467042344463, "Train Metrics Dict/video/1/rmse": 1.977371993328519, "Train Metrics Dict/video/2/rmse": 0.9273618495495703, "Train Metrics Dict/video/3/rmse": 0.9695359714832658, "Train Metrics Dict/video/4/rmse": 0.9433981132056604, "Train Metrics Dict/correlations/scene/101/plcc": -1.0, "Train Metrics Dict/correlations/scene/101/srcc": -0.9999999999999999, "Train Metrics Dict/correlations/scene/101/ktcc": -1.0, "Train Metrics Dict/correlations/scene/102/plcc": 1.0, "Train Metrics Dict/correlations/scene/102/srcc": 0.9999999999999999, "Train Metrics Dict/correlations/scene/102/ktcc": 1.0, "Train Metrics Dict/correlations/plcc": -0.09840972463689301, "Train Metrics Dict/correlations/srcc": 0.39999999999999997, "Train Metrics Dict/correlations/ktcc": 0.3333333333333334, "_timestamp": 1708936194.8655865, "_runtime": 0.6077635288238525, "_step": 1}