{"_wandb": {"runtime": 0}, "Train Metrics Dict/pred_score": 4.31875, "Train Metrics Dict/average_over_videos/pred_score": 4.31875, "Train Metrics Dict/average_over_scenes/pred_score": 4.31875, "Train Metrics Dict/histogram/pred_score": {"_type": "histogram", "values": [1, 0, 0, 0, 0, 0, 0, 0, 0, 0, 0, 0, 0, 0, 0, 0, 0, 0, 0, 0, 0, 0, 0, 0, 0, 0, 0, 0, 1, 0, 0, 0, 0, 0, 0, 0, 0, 0, 0, 0, 0, 0, 0, 0, 0, 0, 0, 0, 0, 1, 0, 0, 0, 0, 0, 0, 0, 0, 0, 0, 0, 0, 0, 1], "bins": [3.6, 3.6203125000000003, 3.640625, 3.6609375, 3.68125, 3.7015625, 3.721875, 3.7421875, 3.7625, 3.7828125, 3.803125, 3.8234375, 3.84375, 3.8640625, 3.884375, 3.9046875, 3.925, 3.9453125, 3.9656249999999997, 3.9859375, 4.00625, 4.0265625, 4.046875, 4.0671875, 4.0874999999999995, 4.1078125, 4.128125, 4.1484375, 4.16875, 4.1890624999999995, 4.209375, 4.2296875, 4.25, 4.270312499999999, 4.2906249999999995, 4.3109375, 4.33125, 4.3515625, 4.371874999999999, 4.3921874999999995, 4.4125, 4.4328125, 4.453125, 4.473437499999999, 4.4937499999999995, 4.5140625, 4.534375, 4.5546875, 4.574999999999999, 4.5953124999999995, 4.615625, 4.6359375, 4.65625, 4.676562499999999, 4.6968749999999995, 4.7171875, 4.7375, 4.7578125, 4.778124999999999, 4.7984374999999995, 4.81875, 4.8390625, 4.859375, 4.879687499999999, 4.8999999999999995]}, "Train Metrics Dict/histogram_over_videos/pred_score": {"_type": "histogram", "values": [1, 0, 0, 0, 0, 0, 0, 0, 0, 0, 0, 0, 0, 0, 0, 0, 0, 0, 0, 0, 0, 0, 0, 0, 0, 0, 0, 0, 1, 0, 0, 0, 0, 0, 0, 0, 0, 0, 0, 0, 0, 0, 0, 0, 0, 0, 0, 0, 0, 1, 0, 0, 0, 0, 0, 0, 0, 0, 0, 0, 0, 0, 0, 1], "bins": [3.6, 3.6203125000000003, 3.640625, 3.6609375, 3.68125, 3.7015625, 3.721875, 3.7421875, 3.7625, 3.7828125, 3.803125, 3.8234375, 3.84375, 3.8640625, 3.884375, 3.9046875, 3.925, 3.9453125, 3.9656249999999997, 3.9859375, 4.00625, 4.0265625, 4.046875, 4.0671875, 4.0874999999999995, 4.1078125, 4.128125, 4.1484375, 4.16875, 4.1890624999999995, 4.209375, 4.2296875, 4.25, 4.270312499999999, 4.2906249999999995, 4.3109375, 4.33125, 4.3515625, 4.371874999999999, 4.3921874999999995, 4.4125, 4.4328125, 4.453125, 4.473437499999999, 4.4937499999999995, 4.5140625, 4.534375, 4.5546875, 4.574999999999999, 4.5953124999999995, 4.615625, 4.6359375, 4.65625, 4.676562499999999, 4.6968749999999995, 4.7171875, 4.7375, 4.7578125, 4.778124999999999, 4.7984374999999995, 4.81875, 4.8390625, 4.859375, 4.879687499999999, 4.8999999999999995]}, "Train Metrics Dict/histogram_over_scenes/pred_score": {"_type": "histogram", "values": [1, 0, 0, 0, 0, 0, 0, 0, 0, 0, 0, 0, 0, 0, 0, 0, 0, 0, 0, 0, 0, 0, 0, 0, 0, 0, 0, 0, 0, 0, 0, 0, 0, 0, 0, 0, 0, 0, 0, 0, 0, 0, 0, 0, 0, 0, 0, 0, 0, 0, 0, 0, 0, 0, 0, 0, 0, 0, 0, 0, 0, 0, 0, 1], "bins": [4.1, 4.1068359375, 4.113671875, 4.1205078125, 4.12734375, 4.1341796875, 4.141015625, 4.1478515625, 4.1546875, 4.1615234375, 4.168359375, 4.1751953125, 4.18203125, 4.1888671875, 4.195703125, 4.2025390625, 4.209375, 4.2162109375, 4.223046875, 4.2298828125, 4.23671875, 4.2435546875, 4.250390625, 4.2572265625, 4.2640625, 4.2708984375, 4.277734375, 4.2845703125, 4.29140625, 4.2982421875, 4.305078125, 4.3119140625, 4.31875, 4.3255859375, 4.332421875, 4.3392578125, 4.34609375, 4.3529296875, 4.359765625, 4.3666015625, 4.3734375, 4.3802734375, 4.387109375, 4.3939453125, 4.40078125, 4.4076171875, 4.414453125, 4.4212890625, 4.428125, 4.4349609375, 4.441796875, 4.4486328125, 4.45546875, 4.4623046875, 4.469140625, 4.4759765625, 4.4828125, 4.4896484375, 4.496484375, 4.5033203125, 4.51015625, 4.5169921875, 4.523828125, 4.5306640625, 4.5375]}, "Train Metrics Dict/scene/101/pred_score": 4.1, "Train Metrics Dict/scene/102/pred_score": 4.5375, "Train Metrics Dict/video/1/pred_score": 4.6, "Train Metrics Dict/video/2/pred_score": 3.6, "Train Metrics Dict/video/3/pred_score": 4.8999999999999995, "Train Metrics Dict/video/4/pred_score": 4.175, "Train Metrics Dict/mse": 1.6493750000000003, "Train Metrics Dict/average_over_videos/mse": 1.6493750000000003, "Train Metrics Dict/average_over_scenes/mse": 1.649375, "Train Metrics Dict/histogram/mse": {"_type": "histogram", "values": [2, 1, 0, 0, 0, 0, 0, 0, 0, 0, 0, 0, 0, 0, 0, 0, 0, 0, 0, 0, 0, 0, 0, 0, 0, 0, 0, 0, 0, 0, 0, 0, 0, 0, 0, 0, 0, 0, 0, 0, 0, 0, 0, 0, 0, 0, 0, 0, 0, 0, 0, 0, 0, 0, 0, 0, 0, 0, 0, 0, 0, 0, 0, 1], "bins": [0.86, 0.9076562499999999, 0.9553125, 1.00296875, 1.050625, 1.09828125, 1.1459375, 1.19359375, 1.24125, 1.2889062500000001, 1.3365625, 1.38421875, 1.431875, 1.47953125, 1.5271875000000001, 1.57484375, 1.6225, 1.67015625, 1.7178125, 1.7654687500000001, 1.813125, 1.86078125, 1.9084375000000002, 1.95609375, 2.00375, 2.05140625, 2.0990625, 2.1467187500000002, 2.194375, 2.24203125, 2.2896875000000003, 2.33734375, 2.3850000000000002, 2.43265625, 2.4803125, 2.5279687500000003, 2.575625, 2.6232812500000002, 2.6709375, 2.71859375, 2.7662500000000003, 2.81390625, 2.8615625000000002, 2.90921875, 2.956875, 3.00453125, 3.0521875, 3.0998437500000002, 3.1475, 3.19515625, 3.2428125, 3.29046875, 3.3381250000000002, 3.38578125, 3.4334375, 3.4810937500000003, 3.52875, 3.5764062500000002, 3.6240625, 3.67171875, 3.7193750000000003, 3.76703125, 3.8146875000000002, 3.86234375, 3.91]}, "Train Metrics Dict/histogram_over_videos/mse": {"_type": "histogram", "values": [2, 1, 0, 0, 0, 0, 0, 0, 0, 0, 0, 0, 0, 0, 0, 0, 0, 0, 0, 0, 0, 0, 0, 0, 0, 0, 0, 0, 0, 0, 0, 0, 0, 0, 0, 0, 0, 0, 0, 0, 0, 0, 0, 0, 0, 0, 0, 0, 0, 0, 0, 0, 0, 0, 0, 0, 0, 0, 0, 0, 0, 0, 0, 1], "bins": [0.86, 0.9076562499999999, 0.9553125, 1.00296875, 1.050625, 1.09828125, 1.1459375, 1.19359375, 1.24125, 1.2889062500000001, 1.3365625, 1.38421875, 1.431875, 1.47953125, 1.5271875000000001, 1.57484375, 1.6225, 1.67015625, 1.7178125, 1.7654687500000001, 1.813125, 1.86078125, 1.9084375000000002, 1.95609375, 2.00375, 2.05140625, 2.0990625, 2.1467187500000002, 2.194375, 2.24203125, 2.2896875000000003, 2.33734375, 2.3850000000000002, 2.43265625, 2.4803125, 2.5279687500000003, 2.575625, 2.6232812500000002, 2.6709375, 2.71859375, 2.7662500000000003, 2.81390625, 2.8615625000000002, 2.90921875, 2.956875, 3.00453125, 3.0521875, 3.0998437500000002, 3.1475, 3.19515625, 3.2428125, 3.29046875, 3.3381250000000002, 3.38578125, 3.4334375, 3.4810937500000003, 3.52875, 3.5764062500000002, 3.6240625, 3.67171875, 3.7193750000000003, 3.76703125, 3.8146875000000002, 3.86234375, 3.91]}, "Train Metrics Dict/histogram_over_scenes/mse": {"_type": "histogram", "values": [1, 0, 0, 0, 0, 0, 0, 0, 0, 0, 0, 0, 0, 0, 0, 0, 0, 0, 0, 0, 0, 0, 0, 0, 0, 0, 0, 0, 0, 0, 0, 0, 0, 0, 0, 0, 0, 0, 0, 0, 0, 0, 0, 0, 0, 0, 0, 0, 0, 0, 0, 0, 0, 0, 0, 0, 0, 0, 0, 0, 0, 0, 0, 1], "bins": [0.91375, 0.9367382812499999, 0.9597265625, 0.98271484375, 1.005703125, 1.0286914062499999, 1.0516796875, 1.07466796875, 1.09765625, 1.12064453125, 1.1436328125, 1.16662109375, 1.189609375, 1.21259765625, 1.2355859375, 1.25857421875, 1.2815625000000002, 1.3045507812500001, 1.3275390625, 1.35052734375, 1.373515625, 1.39650390625, 1.4194921875, 1.4424804687500001, 1.46546875, 1.48845703125, 1.5114453125000002, 1.5344335937500002, 1.5574218750000002, 1.5804101562500001, 1.6033984375, 1.62638671875, 1.649375, 1.67236328125, 1.6953515625000002, 1.7183398437500002, 1.7413281250000003, 1.7643164062500003, 1.7873046875000003, 1.8102929687500002, 1.8332812500000002, 1.8562695312500002, 1.8792578125000001, 1.90224609375, 1.925234375, 1.94822265625, 1.9712109375000004, 1.9941992187500004, 2.0171875000000004, 2.0401757812500003, 2.0631640625000003, 2.0861523437500002, 2.109140625, 2.13212890625, 2.1551171875, 2.17810546875, 2.20109375, 2.2240820312500005, 2.2470703125000004, 2.2700585937500004, 2.2930468750000004, 2.3160351562500003, 2.3390234375000003, 2.3620117187500003, 2.3850000000000002]}, "Train Metrics Dict/scene/101/mse": 2.3850000000000002, "Train Metrics Dict/scene/102/mse": 0.91375, "Train Metrics Dict/video/1/mse": 3.91, "Train Metrics Dict/video/2/mse": 0.86, "Train Metrics Dict/video/3/mse": 0.94, "Train Metrics Dict/video/4/mse": 0.8875,